"biosphere","id","river","site","weather","other_weather","start_comment","dissolved_oxygen_ppm","dissolved_oxygen_percent","time","nitrate","phosphate","salinity_ppt","salinity_percent","tds","electrical_conductivity","ph","irrigation_suitability","air_temperature","latitude","longitude","altitude_m","location_accuracy_m","datetime","date","flag_ph","flag_do_ppm","flag_do_percent","flag_ec","flag_temp","any_flag"
"Vhembe BR","Levubu River Lambani site 1","Levubu River","Lambani site 1","sunny","","",3.34,43.2,"06/21/2024 10:51",NA,NA,NA,NA,NA,128.6,7.91,"pH reading indicates the water is suitable for irrigation",18,-22.74556,30.8843583,391.7,5,2024-06-21 10:51:00,2024-06-21,FALSE,FALSE,FALSE,FALSE,FALSE,FALSE
"Vhembe BR","Levubu River Mulenzhe Site 1","Levubu River","Mulenzhe Site 1","cloudy","","",1.29,13.1,"06/24/2024 09:28",NA,NA,NA,NA,NA,53.8,8.42,"pH reading indicates the water is suitable for irrigation",18.1,-22.9710764,30.6038104,442.5,4.84,2024-06-24 09:28:00,2024-06-24,FALSE,FALSE,FALSE,FALSE,FALSE,FALSE
"Vhembe BR","Levubu River Mulenzhe site 1","Levubu River","Mulenzhe site 1","cloudy","","",1.29,13.1,"06/24/2024 09:28",NA,NA,NA,NA,NA,53.8,8.42,"pH reading indicates the water is suitable for irrigation",18.1,-22.97116014,30.60378286,490.3941682,4.9,2024-06-24 09:28:00,2024-06-24,FALSE,FALSE,FALSE,FALSE,FALSE,FALSE
"Vhembe BR","Levubu River Lambani site 2","Levubu River","Lambani site 2","cloudy","","",2.59,31.7,"06/24/2024 09:42",NA,NA,NA,NA,NA,171.7,8.28,"pH reading indicates the water is suitable for irrigation",17,-22.7275375,30.8853367,418.8,4.28,2024-06-24 09:42:00,2024-06-24,FALSE,FALSE,FALSE,FALSE,FALSE,FALSE
"Vhembe BR","Levubu River Lambani site 2","Levubu River","Lambani site 2","cloudy","","",2.39,31.7,"06/24/2024 09:44",NA,NA,NA,NA,NA,171.7,8.28,"pH reading indicates the water is suitable for irrigation",17,-22.7275631,30.8852822,414.4,3.385,2024-06-24 09:44:00,2024-06-24,FALSE,FALSE,FALSE,FALSE,FALSE,FALSE
"Vhembe BR","Levubu River Luvuvhu01","Levubu River","Luvuvhu01","partly_cloudy","","Training day data capture",1.58,20.3,"04/16/2024 12:52",NA,NA,NA,NA,NA,231,8.29,"pH reading indicates the water is suitable for irrigation",26.1,-22.9712118,30.6038091,485,5,2024-04-16 12:52:00,2024-04-16,FALSE,FALSE,FALSE,FALSE,FALSE,FALSE
"Vhembe BR","Levubu River Luvuvhu01","Levubu River","Luvuvhu01","sunny","","",1.06,13,"04/19/2024 09:54",NA,NA,NA,NA,NA,138,7.6,"pH reading indicates the water is suitable for irrigation",26.6,-23.0540986,30.2969119,660.1850586,4.621,2024-04-19 09:54:00,2024-04-19,FALSE,FALSE,FALSE,FALSE,FALSE,FALSE
"Vhembe BR","Levubu River Luvuvhu 03","Levubu River","Luvuvhu 03","sunny","","Normal sunny day",0.45,6.3,"04/22/2024 09:21",NA,NA,NA,NA,NA,120.4,6.44,"pH reading indicates the water is NOT suitable for irrigation",23.8,-22.7455781,30.8841773,397.7,4.825,2024-04-22 09:21:00,2024-04-22,FALSE,FALSE,FALSE,FALSE,FALSE,FALSE
"Vhembe BR","Levubu River Luvuvhu03","Levubu River","Luvuvhu03","sunny","","Just a normal sunny day",0.45,6.3,"04/22/2024 09:20",NA,NA,NA,NA,NA,120.4,6.44,"pH reading indicates the water is NOT suitable for irrigation",23.8,-22.74556,30.8842101,435.7,5,2024-04-22 09:20:00,2024-04-22,FALSE,FALSE,FALSE,FALSE,FALSE,FALSE
"Vhembe BR","Levubu River Luvuvhu03","Levubu River","Luvuvhu03","sunny","","Just Normal sunny day",0.45,6.3,"04/22/2024 09:21",NA,NA,NA,NA,NA,120.4,6.44,"pH reading indicates the water is NOT suitable for irrigation",23.8,-22.7455667,30.8841501,425.1,4.666,2024-04-22 09:21:00,2024-04-22,FALSE,FALSE,FALSE,FALSE,FALSE,FALSE
"Vhembe BR","Tshakhuma01 Tshakhuma001","Tshakhuma01","Tshakhuma001","sunny","","",0.9,11,"04/23/2024 09:12",NA,NA,NA,NA,NA,109.3,7.36,"pH reading indicates the water is suitable for irrigation",24.5,-23.0529576,30.2965128,650,5,2024-04-23 09:12:00,2024-04-23,FALSE,FALSE,FALSE,FALSE,FALSE,FALSE
"Vhembe BR","Levubu River Luvuvhu01","Levubu River","Luvuvhu01","sunny","","Mulenzhe sampling day 1",2.56,30.45,"04/23/2024 10:38",NA,NA,NA,NA,NA,147.2,8.28,"pH reading indicates the water is suitable for irrigation",23,-22.9711889,30.6037713,467.3,4.858,2024-04-23 10:38:00,2024-04-23,FALSE,FALSE,FALSE,FALSE,FALSE,FALSE
"Vhembe BR","Levubu River Luvuvhu01","Levubu River","Luvuvhu01","sunny","","Mulenzhe sampling day 1",2.56,30.4,"04/23/2024 10:11",NA,NA,NA,NA,NA,147.2,8.28,"pH reading indicates the water is suitable for irrigation",23,-22.97125501,30.60377605,476.8295899,4.9,2024-04-23 10:11:00,2024-04-23,FALSE,FALSE,FALSE,FALSE,FALSE,FALSE
"Vhembe BR","Levubu River Levubu03","Levubu River","Levubu03","sunny","","Just normal day",7.59,116.9,"04/26/2024 07:07",NA,NA,NA,NA,NA,120,7.14,"pH reading indicates the water is suitable for irrigation",24.3,-22.7455416,30.8842272,460,4.533,2024-04-26 07:07:00,2024-04-26,FALSE,FALSE,FALSE,FALSE,FALSE,FALSE
"Vhembe BR","Levubu River Luvuvhu 2 site 2","Levubu River","Luvuvhu 2 site 2","partly_cloudy","","",2.16,26.1,"04/26/2024 15:11",NA,NA,NA,NA,NA,54.5,7.84,"pH reading indicates the water is suitable for irrigation",24,-22.97173981,30.60343732,501.6345828,4.9,2024-04-26 15:11:00,2024-04-26,FALSE,FALSE,FALSE,FALSE,FALSE,FALSE
"Vhembe BR","Levubu River Luvuvhu 2 site 2","Levubu River","Luvuvhu 2 site 2","partly_cloudy","","",2.16,26.1,"04/26/2024 15:00",NA,NA,NA,NA,NA,54.5,7.84,"pH reading indicates the water is suitable for irrigation",24,-22.9717356,30.6034394,496.1,4.58,2024-04-26 15:00:00,2024-04-26,FALSE,FALSE,FALSE,FALSE,FALSE,FALSE
"Vhembe BR","Levubu River Luvuvhu 1 Site 2","Levubu River","Luvuvhu 1 Site 2","partly_cloudy","","Mulenzhe Village Sampling Day",2.16,26.1,"04/26/2024 15:12",NA,NA,NA,NA,NA,64.5,7.84,"pH reading indicates the water is suitable for irrigation",24.1,-22.97165197,30.60342238,483.1174316,3.902548,2024-04-26 15:12:00,2024-04-26,FALSE,FALSE,FALSE,FALSE,FALSE,FALSE
"Vhembe BR","Levubu River Luvuvhu 1 site 1","Levubu River","Luvuvhu 1 site 1","partly_cloudy","","",2.04,22.8,"04/29/2024 09:52",NA,NA,NA,NA,NA,150.1,7.85,"pH reading indicates the water is suitable for irrigation",21.5,-22.97123668,30.60378697,511.5958684,4.9,2024-04-29 09:52:00,2024-04-29,FALSE,FALSE,FALSE,FALSE,FALSE,FALSE
"Vhembe BR","Levubu River Luvuvhu 2 site 1","Levubu River","Luvuvhu 2 site 1","partly_cloudy","","",2.04,22.8,"04/29/2024 10:03",NA,NA,NA,NA,NA,150.1,7.85,"pH reading indicates the water is suitable for irrigation",21.5,-22.9711643,30.6037935,553.6000366,4.46,2024-04-29 10:03:00,2024-04-29,FALSE,FALSE,FALSE,FALSE,FALSE,FALSE
"Vhembe BR","Levubu River Luvhuvhu 2 Site 1","Levubu River","Luvhuvhu 2 Site 1","partly_cloudy","","We found people performing spiritual activities.",2.04,22.8,"04/29/2024 09:54",NA,NA,NA,NA,NA,150.1,7.85,"pH reading indicates the water is suitable for irrigation",21.5,-22.97113478,30.60374109,484.0995483,4.8786755,2024-04-29 09:54:00,2024-04-29,FALSE,FALSE,FALSE,FALSE,FALSE,FALSE
"Vhembe BR","Levubu River Luvuvhu03","Levubu River","Luvuvhu03","sunny","","",3.59,10,"04/29/2024 12:18",NA,NA,NA,NA,NA,87,7.46,"pH reading indicates the water is suitable for irrigation",21.2,-22.7274964,30.8852695,447.8,4.898,2024-04-29 12:18:00,2024-04-29,FALSE,FALSE,FALSE,FALSE,FALSE,FALSE
"Vhembe BR","Levubu River Luvuvhu 2 site 2","Levubu River","Luvuvhu 2 site 2","sunny","","",18.8,21.8,"04/30/2024 09:04",NA,NA,NA,NA,NA,150.8,7.72,"pH reading indicates the water is suitable for irrigation",21.1,-22.97168468,30.60341554,479.4799532,4.9,2024-04-30 09:04:00,2024-04-30,FALSE,FALSE,FALSE,FALSE,FALSE,FALSE
"Vhembe BR","Levubu River Tshakhuma2","Levubu River","Tshakhuma2","cloudy","","",0.72,8.5,"05/03/2024 08:40",NA,NA,NA,NA,NA,93.2,7.95,"pH reading indicates the water is suitable for irrigation",22.1,-23.0529804,30.2966029,664,4.15,2024-05-03 08:40:00,2024-05-03,FALSE,FALSE,FALSE,FALSE,FALSE,FALSE
"Vhembe BR","Levubu River Tshakhuma1","Levubu River","Tshakhuma1","sunny","","",0.72,9.3,"05/07/2024 09:37",NA,NA,NA,NA,NA,107.3,7.99,"pH reading indicates the water is suitable for irrigation",22.6,-23.0540487,30.2969263,642,3.9,2024-05-07 09:37:00,2024-05-07,FALSE,FALSE,FALSE,FALSE,FALSE,FALSE
"Vhembe BR","Levubu River Halambani site 1","Levubu River","Halambani site 1","sunny","","Today we have water pump machine operating so it may affect the results due to sound  oil spill n e.t.c",0.05,0.7,"05/07/2024 13:02",NA,NA,NA,NA,NA,121.7,7.6,"pH reading indicates the water is suitable for irrigation",23.3,-22.7456053,30.884258,447.3,3.9,2024-05-07 13:02:00,2024-05-07,FALSE,FALSE,FALSE,FALSE,FALSE,FALSE
"Vhembe BR","Levubu River Tshakhuma2","Levubu River","Tshakhuma2","sunny","","",0.73,8.5,"05/10/2024 08:56",NA,NA,NA,NA,NA,102,7.39,"pH reading indicates the water is suitable for irrigation",21.6,-23.0528453,30.2965282,648,4.46,2024-05-10 08:56:00,2024-05-10,FALSE,FALSE,FALSE,FALSE,FALSE,FALSE
"Vhembe BR","Levubu River Mulenzhe site 1","Levubu River","Mulenzhe site 1","light_rain","","",2.36,27.5,"05/14/2024 10:07",NA,NA,NA,NA,NA,153.9,8.12,"pH reading indicates the water is suitable for irrigation",21.6,-22.97119151,30.60376555,493.1382308,4.9,2024-05-14 10:07:00,2024-05-14,FALSE,FALSE,FALSE,FALSE,FALSE,FALSE
"Vhembe BR","Levubu River Luvuvhu 2 site 2","Levubu River","Luvuvhu 2 site 2","sunny","","",18.8,21.8,"04/30/2024 09:03",NA,NA,NA,NA,NA,150.8,7.72,"pH reading indicates the water is suitable for irrigation",21.1,-22.9717067,30.6034319,475.7,4.72,2024-04-30 09:03:00,2024-04-30,FALSE,FALSE,FALSE,FALSE,FALSE,FALSE
"Vhembe BR","Levubu River Mulenzhe Site 1","Levubu River","Mulenzhe Site 1","light_rain","","",2.36,27.5,"05/14/2024 10:06",NA,NA,NA,NA,NA,153.9,8.12,"pH reading indicates the water is suitable for irrigation",21.6,-22.9712109,30.6038488,474.4,5,2024-05-14 10:06:00,2024-05-14,FALSE,FALSE,FALSE,FALSE,FALSE,FALSE
"Vhembe BR","Levubu River Halambani site 2","Levubu River","Halambani site 2","partly_cloudy","","Little bit rainy in the morning",0.3,4.2,"05/14/2024 13:47",NA,NA,NA,NA,NA,81.2,8.32,"pH reading indicates the water is suitable for irrigation",22.3,-22.727473,30.8853142,401.8,4.583,2024-05-14 13:47:00,2024-05-14,FALSE,FALSE,FALSE,FALSE,FALSE,FALSE
"Vhembe BR","Levubu River Lambani site 2","Levubu River","Lambani site 2","partly_cloudy","","It was raining in the morning  but by the time of our sampling it was partly clouds",0.3,4.2,"05/14/2024 13:50",NA,NA,NA,NA,NA,81.2,8.32,"pH reading indicates the water is suitable for irrigation",22.3,-22.7275524,30.8852983,424.2,3.22,2024-05-14 13:50:00,2024-05-14,FALSE,FALSE,FALSE,FALSE,FALSE,FALSE
"Vhembe BR","Levubu River Tshakhuma1","Levubu River","Tshakhuma1","sunny","","",0.67,7.7,"05/16/2024 09:05",NA,NA,NA,NA,NA,125.5,7.97,"pH reading indicates the water is suitable for irrigation",22.4,-23.0540919,30.2969937,660,4.515,2024-05-16 09:05:00,2024-05-16,FALSE,FALSE,FALSE,FALSE,FALSE,FALSE
"Vhembe BR","Levubu River Lambani site 2","Levubu River","Lambani site 2","partly_cloudy","","Raining in the morning",0.3,4.2,"05/14/2024 13:52",NA,NA,NA,NA,NA,81.2,8.32,"pH reading indicates the water is suitable for irrigation",22.3,-22.7604798,30.8956448,0,4400,2024-05-14 13:52:00,2024-05-14,FALSE,FALSE,FALSE,FALSE,FALSE,FALSE
"Vhembe BR","Levubu River Halambani site 2","Levubu River","Halambani site 2","sunny","","Just a normal day",0.63,8.7,"05/16/2024 13:34",NA,NA,NA,NA,NA,86.1,7.83,"pH reading indicates the water is suitable for irrigation",22.5,-22.7274652,30.8853118,421.1,4.933,2024-05-16 13:34:00,2024-05-16,FALSE,FALSE,FALSE,FALSE,FALSE,FALSE
"Vhembe BR","Lambani site 2 No site name given","Lambani site 2","No site name given","sunny","","Just Normal day",0.63,8.7,"05/16/2024 13:28",NA,NA,NA,NA,NA,86.1,7.83,"pH reading indicates the water is suitable for irrigation",22.5,-22.7274566,30.8853631,432.7,4.55,2024-05-16 13:28:00,2024-05-16,FALSE,FALSE,FALSE,FALSE,FALSE,FALSE
"Vhembe BR","Levubu River Mulenzhe site 2","Levubu River","Mulenzhe site 2","sunny","","",1.71,20.3,"05/17/2024 09:31",NA,NA,NA,NA,NA,152.8,7.93,"pH reading indicates the water is suitable for irrigation",20.4,-22.9716285,30.6034577,488.9,4.82,2024-05-17 09:31:00,2024-05-17,FALSE,FALSE,FALSE,FALSE,FALSE,FALSE
"Vhembe BR","Levubu River Mulenzhe site 2","Levubu River","Mulenzhe site 2","sunny","","",1.71,20.3,"05/17/2024 09:31",NA,NA,NA,NA,NA,152.8,7.93,"pH reading indicates the water is suitable for irrigation",20.4,-22.97173389,30.60339581,480.5162826,4.9,2024-05-17 09:31:00,2024-05-17,FALSE,FALSE,FALSE,FALSE,FALSE,FALSE
"Vhembe BR","Levubu River Halambani site 1","Levubu River","Halambani site 1","sunny","","",0.45,6.2,"05/20/2024 11:00",NA,NA,NA,NA,NA,124.6,7.76,"pH reading indicates the water is suitable for irrigation",21,-22.7454815,30.8844887,431.9,4.7,2024-05-20 11:00:00,2024-05-20,FALSE,FALSE,FALSE,FALSE,FALSE,FALSE
"Vhembe BR","Levubu River Halambani site 1","Levubu River","Halambani site 1","sunny","","Sun rise",0.45,6.2,"05/20/2024 11:11",NA,NA,NA,NA,NA,124.6,7.76,"pH reading indicates the water is suitable for irrigation",21,-22.7454559,30.8844413,430.5,4.825,2024-05-20 11:11:00,2024-05-20,FALSE,FALSE,FALSE,FALSE,FALSE,FALSE
"Vhembe BR","Levubu River Ha lambani site 2","Levubu River","Ha lambani site 2","sunny","","Just normal day",0.63,8.7,"05/16/2024 13:37",NA,NA,NA,NA,NA,86.1,7.83,"pH reading indicates the water is suitable for irrigation",22.5,-22.7274349,30.885385,433.1,3.9,2024-05-16 13:37:00,2024-05-16,FALSE,FALSE,FALSE,FALSE,FALSE,FALSE
"Vhembe BR","Levubu River Lambani site 1","Levubu River","Lambani site 1","sunny","","Just normal sunny day",0.45,6.2,"05/20/2024 10:58",NA,NA,NA,NA,NA,124.6,7.76,"pH reading indicates the water is suitable for irrigation",21,-22.7454892,30.8844882,429.3,5,2024-05-20 10:58:00,2024-05-20,FALSE,FALSE,FALSE,FALSE,FALSE,FALSE
"Vhembe BR","Levubu River Tshakhuma2","Levubu River","Tshakhuma2","cloudy","","",0.59,6.9,"05/21/2024 09:44",NA,NA,NA,NA,NA,99.3,7.98,"pH reading indicates the water is suitable for irrigation",20.5,-23.0529199,30.296566,669.7144775,4.013,2024-05-21 09:44:00,2024-05-21,FALSE,FALSE,FALSE,FALSE,FALSE,FALSE
"Vhembe BR","Levubu River Mulenzhe site 1","Levubu River","Mulenzhe site 1","partly_cloudy","","",1.52,17.6,"05/21/2024 10:09",NA,NA,NA,NA,NA,148.2,7.8,"pH reading indicates the water is suitable for irrigation",20.9,-22.971181,30.6038121,484.7,4.54,2024-05-21 10:09:00,2024-05-21,FALSE,FALSE,FALSE,FALSE,FALSE,FALSE
"Marico BR","Groot Marico River Boss Upstream","Groot Marico River","Boss Upstream","sunny","","No rain for the past few weeks",7.09,17.3,"05/22/2024 10:04",NA,NA,NA,NA,NA,250,8.01,"pH reading indicates the water is suitable for irrigation",16.7,-25.6292688,26.4103021,1148,4.7,2024-05-22 10:04:00,2024-05-22,FALSE,FALSE,FALSE,FALSE,FALSE,FALSE
"Vhembe BR","Levubu River Halambani site 1","Levubu River","Halambani site 1","sunny","","",0.15,2.1,"05/22/2024 11:19",NA,NA,NA,NA,NA,130,7.54,"pH reading indicates the water is suitable for irrigation",20.5,-22.7453653,30.8845072,416,4.86,2024-05-22 11:19:00,2024-05-22,FALSE,FALSE,FALSE,FALSE,FALSE,FALSE
"Vhembe BR","Levubu River Lambani site 1","Levubu River","Lambani site 1","sunny","","",0.15,2.1,"05/22/2024 10:11",NA,NA,NA,NA,NA,130,7.54,"pH reading indicates the water is suitable for irrigation",20.5,-22.7455155,30.8846166,382.1,4.966,2024-05-22 10:11:00,2024-05-22,FALSE,FALSE,FALSE,FALSE,FALSE,FALSE
"Vhembe BR","Levubu River Lambani site 2","Levubu River","Lambani site 2","sunny","","",0.15,2.7,"05/22/2024 10:19",NA,NA,NA,NA,NA,130,7.54,"pH reading indicates the water is suitable for irrigation",20.5,-22.7454655,30.8845337,426.4,3.9,2024-05-22 10:19:00,2024-05-22,FALSE,FALSE,FALSE,FALSE,FALSE,FALSE
"Vhembe BR","Levubu River Tshakhuma1","Levubu River","Tshakhuma1","sunny","","",1.05,12.5,"05/23/2024 09:56",NA,NA,NA,NA,NA,109.4,7.91,"pH reading indicates the water is suitable for irrigation",21.4,-23.0540727,30.2970131,663.7895508,3.79,2024-05-23 09:56:00,2024-05-23,FALSE,FALSE,FALSE,FALSE,FALSE,FALSE
"Marico BR","Kaaloog se Loop Komkrans","Kaaloog se Loop","Komkrans","sunny","","",8.9,12.5,"05/25/2024 14:55",NA,NA,NA,NA,NA,2.5,8.6,"pH reading indicates the water is NOT suitable for irrigation",12.4,-25.7759054,26.4386659,1352.3,5,2024-05-25 14:55:00,2024-05-25,FALSE,FALSE,FALSE,FALSE,FALSE,FALSE
"Vhembe BR","Levubu River Mulenzhe site 2","Levubu River","Mulenzhe site 2","cloudy","","",1.74,19.2,"05/28/2024 09:33",NA,NA,NA,NA,NA,155.7,7.8,"pH reading indicates the water is suitable for irrigation",20.3,-22.971691,30.6033974,476.4,4.26,2024-05-28 09:33:00,2024-05-28,FALSE,FALSE,FALSE,FALSE,FALSE,FALSE
"Vhembe BR","Tshakhuma2 Tshakhuma2","Tshakhuma2","Tshakhuma2","partly_cloudy","","",0.29,3.4,"05/28/2024 10:00",NA,NA,NA,NA,NA,92.2,8.6,"pH reading indicates the water is NOT suitable for irrigation",20,-23.0529668,30.2965295,669.6248779,4.912,2024-05-28 10:00:00,2024-05-28,FALSE,FALSE,FALSE,FALSE,FALSE,FALSE
"Vhembe BR","Tshakhuma01 Tshakhuma001","Tshakhuma01","Tshakhuma001","sunny","","",0.26,3.4,"05/30/2024 10:00",NA,NA,NA,NA,NA,240,7.97,"pH reading indicates the water is suitable for irrigation",20.3,-23.0540925,30.2969917,672.8500977,6.921,2024-05-30 10:00:00,2024-05-30,FALSE,FALSE,FALSE,FALSE,FALSE,FALSE
"Vhembe BR","Levubu River Lambani site 2","Levubu River","Lambani site 2","sunny","","",0.78,9.9,"05/30/2024 10:27",NA,NA,NA,NA,NA,92.8,7.73,"pH reading indicates the water is suitable for irrigation",17.5,-22.72741,30.8853267,427.6,3.9,2024-05-30 10:27:00,2024-05-30,FALSE,FALSE,FALSE,FALSE,FALSE,FALSE
"Vhembe BR","Levubu River Mulenzhe Site 1","Levubu River","Mulenzhe Site 1","partly_cloudy","","Water flow was slow today.",1.52,17.6,"05/21/2024 09:37",NA,NA,NA,NA,NA,148.2,7.8,"pH reading indicates the water is suitable for irrigation",20.9,-22.97120819,30.60365805,508.3839111,6.906936,2024-05-21 09:37:00,2024-05-21,FALSE,FALSE,FALSE,FALSE,FALSE,FALSE
"Vhembe BR","Levubu River Mulenzhe Site 1","Levubu River","Mulenzhe Site 1","sunny","","",1.83,20.6,"05/30/2024 12:05",NA,NA,NA,NA,NA,149.2,8.01,"pH reading indicates the water is suitable for irrigation",20.4,-22.9711882,30.6037807,456.4,4.76,2024-05-30 12:05:00,2024-05-30,FALSE,FALSE,FALSE,FALSE,FALSE,FALSE
"Vhembe BR","Levubu River Mulenzhe site 1","Levubu River","Mulenzhe site 1","sunny","","Water level keep decreasing",1.83,20.6,"05/30/2024 12:05",NA,NA,NA,NA,NA,149.2,8.01,"pH reading indicates the water is suitable for irrigation",20.4,-22.97122304,30.6038085,482.4838257,4.4899774,2024-05-30 12:05:00,2024-05-30,FALSE,FALSE,FALSE,FALSE,FALSE,FALSE
"Vhembe BR","Levubu River Lambani site 02","Levubu River","Lambani site 02","sunny","","",0.78,9.9,"05/30/2024 10:27",NA,NA,NA,NA,NA,92.8,7.73,"pH reading indicates the water is suitable for irrigation",17.5,-22.7274257,30.8854046,418.4,4.6,2024-05-30 10:27:00,2024-05-30,FALSE,FALSE,FALSE,FALSE,FALSE,FALSE
"Vhembe BR","Levubu River Lambani site 2","Levubu River","Lambani site 2","sunny","","",0.78,9.9,"05/30/2024 10:27",NA,NA,NA,NA,NA,92.8,7.73,"pH reading indicates the water is suitable for irrigation",17.5,-22.7275395,30.8851272,440.3,4.95,2024-05-30 10:27:00,2024-05-30,FALSE,FALSE,FALSE,FALSE,FALSE,FALSE
"Vhembe BR","Levubu River Lambani site 2","Levubu River","Lambani site 2","sunny","","",2.51,31.4,"05/31/2024 09:07",NA,NA,NA,NA,NA,86.9,7.59,"pH reading indicates the water is suitable for irrigation",16,-22.7276152,30.8852476,411.9,4.72,2024-05-31 09:07:00,2024-05-31,FALSE,FALSE,FALSE,FALSE,FALSE,FALSE
"Vhembe BR","Levubu River Lambani site 2","Levubu River","Lambani site 2","sunny","","",2.51,31.4,"05/31/2024 09:06",NA,NA,NA,NA,NA,68.9,7.59,"pH reading indicates the water is suitable for irrigation",16,-22.727588,30.8852914,434.7,4.333,2024-05-31 09:06:00,2024-05-31,FALSE,FALSE,FALSE,FALSE,FALSE,FALSE
"Vhembe BR","Levubu River Lambani site 01","Levubu River","Lambani site 01","partly_cloudy","","",2.8,38.3,"06/03/2024 10:14",NA,NA,NA,NA,NA,107.6,7.7,"pH reading indicates the water is suitable for irrigation",19.6,-22.7454178,30.884564,347.6,4.5,2024-06-03 10:14:00,2024-06-03,FALSE,FALSE,FALSE,FALSE,FALSE,FALSE
"Vhembe BR","Levubu River Lambani site 1","Levubu River","Lambani site 1","sunny","","",2.8,38.3,"06/03/2024 10:30",NA,NA,NA,NA,NA,107.6,7.7,"pH reading indicates the water is suitable for irrigation",19.6,-22.7454853,30.884492,421.1,4.833,2024-06-03 10:30:00,2024-06-03,FALSE,FALSE,FALSE,FALSE,FALSE,FALSE
"Vhembe BR","Levubu River Mulenzhe site 2","Levubu River","Mulenzhe site 2","sunny","","",18.2,20.7,"06/04/2024 10:14",NA,NA,NA,NA,NA,149.9,8.27,"pH reading indicates the water is suitable for irrigation",19.7,-22.9717023,30.603452,490.1,4.291,2024-06-04 10:14:00,2024-06-04,FALSE,FALSE,FALSE,FALSE,FALSE,FALSE
"Kruger 2 Canyons BR","Marakalala Site 3","Marakalala","Site 3","sunny","","",6.2,16,"06/06/2024 10:14",NA,NA,NA,NA,NA,433,7.72,"pH reading indicates the water is suitable for irrigation",15.8,-24.52659242,30.71937392,832.806997,4.9,2024-06-06 10:14:00,2024-06-06,FALSE,FALSE,FALSE,FALSE,FALSE,FALSE
"Kruger 2 Canyons BR","Marakalala Site 1","Marakalala","Site 1","sunny","","",11,19,"06/06/2024 11:36",NA,NA,NA,NA,NA,240,6.99,"pH reading indicates the water is suitable for irrigation",18.6,-24.52289971,30.70725543,858.0519152,4.9,2024-06-06 11:36:00,2024-06-06,FALSE,FALSE,FALSE,FALSE,FALSE,FALSE
"Kruger 2 Canyons BR","Marakalala Site 1","Marakalala","Site 1","sunny","","",11,17.6,"06/06/2024 11:40",NA,NA,NA,NA,NA,240,6.99,"pH reading indicates the water is suitable for irrigation",18,-24.52289971,30.70725543,858.0519152,4.9,2024-06-06 11:40:00,2024-06-06,FALSE,FALSE,FALSE,FALSE,FALSE,FALSE
"Vhembe BR","Levubu River Lambani site 2","Levubu River","Lambani site 2","partly_cloudy","","",3.27,42.7,"06/10/2024 13:26",NA,NA,NA,NA,NA,106.1,7.83,"pH reading indicates the water is suitable for irrigation",17.7,-22.7276138,30.8852226,400.4,4.1,2024-06-10 13:26:00,2024-06-10,FALSE,FALSE,FALSE,FALSE,FALSE,FALSE
"Vhembe BR","Levubu River Lambani site 2","Levubu River","Lambani site 2","partly_cloudy","","",3.27,42.7,"06/10/2024 13:20",NA,NA,NA,NA,NA,103.1,7.83,"pH reading indicates the water is suitable for irrigation",17.7,-22.7274984,30.8853102,426.2,4.825,2024-06-10 13:20:00,2024-06-10,FALSE,FALSE,FALSE,FALSE,FALSE,FALSE
"Vhembe BR","Levubu River Lambani site 01","Levubu River","Lambani site 01","sunny","","",2.8,38.3,"06/03/2024 11:14",NA,NA,NA,NA,NA,107.6,7.7,"pH reading indicates the water is suitable for irrigation",19.6,-22.7454207,30.8842329,412.4,4.75,2024-06-03 11:14:00,2024-06-03,FALSE,FALSE,FALSE,FALSE,FALSE,FALSE
"Vhembe BR","Levubu River Mulenzhe site 1","Levubu River","Mulenzhe site 1","partly_cloudy","","",1.43,17.4,"06/11/2024 10:13",NA,NA,NA,NA,NA,151.8,8.08,"pH reading indicates the water is suitable for irrigation",18.3,-22.97120831,30.60379049,527.2793904,4.9,2024-06-11 10:13:00,2024-06-11,FALSE,FALSE,FALSE,FALSE,FALSE,FALSE
"Vhembe BR","Levubu River Mulenzhe site 1","Levubu River","Mulenzhe site 1","partly_cloudy","","",1.43,17.4,"06/11/2024 10:13",NA,NA,NA,NA,NA,151.8,8.08,"pH reading indicates the water is suitable for irrigation",18.3,-22.9711515,30.603824,489.9,3.8,2024-06-11 10:13:00,2024-06-11,FALSE,FALSE,FALSE,FALSE,FALSE,FALSE
"Vhembe BR","Levubu River Tshakhuma1","Levubu River","Tshakhuma1","sunny","","",7.67,7.5,"06/12/2024 10:25",NA,NA,NA,NA,NA,271,7.75,"pH reading indicates the water is suitable for irrigation",19,-23.0541793,30.2969597,660.3776855,4.336,2024-06-12 10:25:00,2024-06-12,FALSE,FALSE,FALSE,FALSE,FALSE,FALSE
"Vhembe BR","Levubu River Lambani site 2","Levubu River","Lambani site 2","sunny","","",3.36,43.3,"06/12/2024 13:52",NA,NA,NA,NA,NA,92.1,7.4,"pH reading indicates the water is suitable for irrigation",17.2,-22.727657,30.8853416,436,3.287,2024-06-12 13:52:00,2024-06-12,FALSE,FALSE,FALSE,FALSE,FALSE,FALSE
"Vhembe BR","Levubu River Mulenzhe site 2","Levubu River","Mulenzhe site 2","sunny","","",1.53,15.4,"06/13/2024 09:57",NA,NA,NA,NA,NA,153.6,8.07,"pH reading indicates the water is suitable for irrigation",17.4,-22.97206782,30.60327495,482.2372686,4.7,2024-06-13 09:57:00,2024-06-13,FALSE,FALSE,FALSE,FALSE,FALSE,FALSE
"Vhembe BR","Levubu River Mulenzhe site 2","Levubu River","Mulenzhe site 2","sunny","","",1.53,15.4,"06/13/2024 09:57",NA,NA,NA,NA,NA,153.6,8.07,"pH reading indicates the water is suitable for irrigation",17.4,-22.9716942,30.6033996,485,4.98,2024-06-13 09:57:00,2024-06-13,FALSE,FALSE,FALSE,FALSE,FALSE,FALSE
"Vhembe BR","Levubu River Tshakhuma2","Levubu River","Tshakhuma2","sunny","","",7.51,77.1,"06/13/2024 09:53",NA,NA,NA,NA,NA,317,7.74,"pH reading indicates the water is suitable for irrigation",23.8,-23.0529676,30.2964807,687.2,3.9,2024-06-13 09:53:00,2024-06-13,FALSE,FALSE,FALSE,FALSE,FALSE,FALSE
"Vhembe BR","Lambani site 2 No site name given","Lambani site 2","No site name given","partly_cloudy","","",3.36,43.3,"06/12/2024 12:39",NA,NA,NA,NA,NA,92.1,7.4,"pH reading indicates the water is suitable for irrigation",17.2,-22.7276296,30.8853015,421.8,4.75,2024-06-12 12:39:00,2024-06-12,FALSE,FALSE,FALSE,FALSE,FALSE,FALSE
"Vhembe BR","Tshakhuma01 Tshakhuma001","Tshakhuma01","Tshakhuma001","sunny","","",7.46,76.6,"06/18/2024 10:14",NA,NA,NA,NA,NA,178.8,8,"pH reading indicates the water is suitable for irrigation",21,-23.0541251,30.2969232,668.9,4.4,2024-06-18 10:14:00,2024-06-18,FALSE,FALSE,FALSE,FALSE,FALSE,FALSE
"Vhembe BR","Levubu River Mulenzhe Site 1","Levubu River","Mulenzhe Site 1","sunny","","",1.72,17.1,"06/18/2024 10:26",NA,NA,NA,NA,NA,154.2,7.97,"pH reading indicates the water is suitable for irrigation",17.5,-22.97113253,30.6038126,496.7783194,4.9,2024-06-18 10:26:00,2024-06-18,FALSE,FALSE,FALSE,FALSE,FALSE,FALSE
"Vhembe BR","Levubu River Mulenzhe Site 1","Levubu River","Mulenzhe Site 1","sunny","","",1.72,17.1,"06/18/2024 10:24",NA,NA,NA,NA,NA,154.2,7.97,"pH reading indicates the water is suitable for irrigation",17.5,-22.9711823,30.6036635,472,4.64,2024-06-18 10:24:00,2024-06-18,FALSE,FALSE,FALSE,FALSE,FALSE,FALSE
"Vhembe BR","Levubu River Lambani site 1","Levubu River","Lambani site 1","sunny","","",3.21,42.2,"06/19/2024 10:57",NA,NA,NA,NA,NA,135.7,7.8,"pH reading indicates the water is suitable for irrigation",17,-22.7455891,30.8844639,396.8,4.9,2024-06-19 10:57:00,2024-06-19,FALSE,FALSE,FALSE,FALSE,FALSE,FALSE
"Vhembe BR","Levubu River Halambani site 1","Levubu River","Halambani site 1","sunny","","",3.21,42.2,"06/19/2024 10:28",NA,NA,NA,NA,NA,135.7,7.8,"pH reading indicates the water is suitable for irrigation",17,-22.7454225,30.8844798,434.1,4.85,2024-06-19 10:28:00,2024-06-19,FALSE,FALSE,FALSE,FALSE,FALSE,FALSE
"Vhembe BR","Levubu River Mulenzhe site 2","Levubu River","Mulenzhe site 2","cloudy","","",1.38,14.4,"06/20/2024 09:32",NA,NA,NA,NA,NA,155.6,8.06,"pH reading indicates the water is suitable for irrigation",17.5,-22.97172638,30.60347021,480.328059,4.9,2024-06-20 09:32:00,2024-06-20,FALSE,FALSE,FALSE,FALSE,FALSE,FALSE
"Vhembe BR","Levubu River Mulenzhe site 2","Levubu River","Mulenzhe site 2","cloudy","","",1.38,14.4,"06/20/2024 09:32",NA,NA,NA,NA,NA,155.6,8.06,"pH reading indicates the water is suitable for irrigation",17.5,-22.9717605,30.6034552,500.9,4.75,2024-06-20 09:32:00,2024-06-20,FALSE,FALSE,FALSE,FALSE,FALSE,FALSE
"Vhembe BR","Levubu River Tshakhuma2","Levubu River","Tshakhuma2","cloudy","","",8.27,82.9,"06/20/2024 10:03",NA,NA,NA,NA,NA,163.5,8.19,"pH reading indicates the water is suitable for irrigation",18,-23.0528794,30.2965438,634.5,4.071,2024-06-20 10:03:00,2024-06-20,FALSE,FALSE,FALSE,FALSE,FALSE,FALSE
"Marico BR","Doorinkloof spruit No site name given","Doorinkloof spruit","No site name given","sunny","","",8.6,12.5,"06/20/2024 10:27",NA,NA,NA,NA,NA,409,7.55,"pH reading indicates the water is suitable for irrigation",13.7,-25.7408851,26.3480359,1381.399406,4.9,2024-06-20 10:27:00,2024-06-20,FALSE,FALSE,FALSE,FALSE,FALSE,FALSE
"Marico BR","Doorkloof Spruit Doornkloof Spruit","Doorkloof Spruit","Doornkloof Spruit","sunny","","It is sunny and the weather is ok",5.16,55.1,"06/20/2024 10:23",NA,NA,NA,NA,NA,66.3,8.02,"pH reading indicates the water is suitable for irrigation",13.7,-25.7417117,26.3451027,1380.5,4,2024-06-20 10:23:00,2024-06-20,FALSE,FALSE,FALSE,FALSE,FALSE,FALSE
"Marico BR","Kuilfontein se loop Kuilfontein se loop","Kuilfontein se loop","Kuilfontein se loop","sunny","","",4.68,56.9,"06/20/2024 10:26",NA,NA,NA,NA,NA,308,8.09,"pH reading indicates the water is suitable for irrigation",18.1,-25.7444085,26.3521563,1388.3,5,2024-06-20 10:26:00,2024-06-20,FALSE,FALSE,FALSE,FALSE,FALSE,FALSE
"Vhembe BR","Levubu River Mulenzhe site 2","Levubu River","Mulenzhe site 2","cloudy","","",1.14,11.8,"06/27/2024 09:29",NA,NA,NA,NA,NA,154.9,8.18,"pH reading indicates the water is suitable for irrigation",17.7,-22.97168538,30.60344524,483.6082858,4.9,2024-06-27 09:29:00,2024-06-27,FALSE,FALSE,FALSE,FALSE,FALSE,FALSE
"Vhembe BR","Levubu River Mulenzhe site 2","Levubu River","Mulenzhe site 2","cloudy","","",1.14,11.8,"06/27/2024 09:29",NA,NA,NA,NA,NA,154.9,8.18,"pH reading indicates the water is suitable for irrigation",17.7,-22.9717147,30.6035221,496.5,4.34,2024-06-27 09:29:00,2024-06-27,FALSE,FALSE,FALSE,FALSE,FALSE,FALSE
"Vhembe BR","Levubu River Tshakhuma1","Levubu River","Tshakhuma1","partly_cloudy","","It's extremely cold weather",7.99,66.1,"06/27/2024 09:39",NA,NA,NA,NA,NA,96.4,8.07,"pH reading indicates the water is suitable for irrigation",18.1,-23.0541091,30.2968558,647.8,4.942,2024-06-27 09:39:00,2024-06-27,FALSE,FALSE,FALSE,FALSE,FALSE,FALSE
"Vhembe BR","Levubu River Tshakhuma2","Levubu River","Tshakhuma2","partly_cloudy","","",5.86,81.1,"06/28/2024 09:49",NA,NA,NA,NA,NA,117.1,7.79,"pH reading indicates the water is suitable for irrigation",20.1,-23.0528768,30.296427,672,4.671,2024-06-28 09:49:00,2024-06-28,FALSE,FALSE,FALSE,FALSE,FALSE,FALSE
"Vhembe BR","Levubu River Lambani site 2","Levubu River","Lambani site 2","partly_cloudy","","",3.28,32.5,"06/28/2024 10:34",NA,NA,NA,NA,NA,175.5,7.86,"pH reading indicates the water is suitable for irrigation",18.2,-22.7276075,30.8853203,429.2,3.9,2024-06-28 10:34:00,2024-06-28,FALSE,FALSE,FALSE,FALSE,FALSE,FALSE
"Vhembe BR","Levubu River Ha lambani site 2","Levubu River","Ha lambani site 2","partly_cloudy","","",3.28,32.5,"06/28/2024 10:32",NA,NA,NA,NA,NA,175.5,7.86,"pH reading indicates the water is suitable for irrigation",18.2,-22.7276581,30.8853233,398,4.8,2024-06-28 10:32:00,2024-06-28,FALSE,FALSE,FALSE,FALSE,FALSE,FALSE
"Vhembe BR","Levubu River Halambani site 1","Levubu River","Halambani site 1","sunny","","",3.34,43.2,"06/21/2024 10:41",NA,NA,NA,NA,NA,128.6,7.91,"pH reading indicates the water is suitable for irrigation",18,-22.7454542,30.8845507,425.5,4.066,2024-06-21 10:41:00,2024-06-21,FALSE,FALSE,FALSE,FALSE,FALSE,FALSE
"Vhembe BR","Levubu River Lambani site 02","Levubu River","Lambani site 02","cloudy","","",2.39,31.7,"06/24/2024 09:48",NA,NA,NA,NA,NA,171.7,8.28,"pH reading indicates the water is suitable for irrigation",17,-22.7275679,30.8853329,425.6,4.933,2024-06-24 09:48:00,2024-06-24,FALSE,FALSE,FALSE,FALSE,FALSE,FALSE
"Vhembe BR","Levubu River Tshakhuma1","Levubu River","Tshakhuma1","sunny","","",7.81,77.8,"07/02/2024 09:28",NA,NA,NA,NA,NA,308,7.71,"pH reading indicates the water is suitable for irrigation",21.4,-23.0541489,30.2969372,666.0180664,3.9,2024-07-02 09:28:00,2024-07-02,FALSE,FALSE,FALSE,FALSE,FALSE,FALSE
"Vhembe BR","Levubu River Mulenzhe site 1","Levubu River","Mulenzhe site 1","heavy_rain","","",1.36,15.6,"07/02/2024 10:13",NA,NA,NA,NA,NA,153.2,8.26,"pH reading indicates the water is suitable for irrigation",17.2,-22.97120689,30.60377169,491.0194677,4.7,2024-07-02 10:13:00,2024-07-02,FALSE,FALSE,FALSE,FALSE,FALSE,FALSE
"Vhembe BR","Levubu River Mulenzhe Site 1","Levubu River","Mulenzhe Site 1","sunny","","",1.36,15.6,"07/02/2024 10:13",NA,NA,NA,NA,NA,153.2,8.26,"pH reading indicates the water is suitable for irrigation",17.2,-22.9712008,30.6037321,507.5,4.42,2024-07-02 10:13:00,2024-07-02,FALSE,FALSE,FALSE,FALSE,FALSE,FALSE
"Vhembe BR","Mulenzhe Site 1 Mulenzhe Site 1","Mulenzhe Site 1","Mulenzhe Site 1","sunny","","Activities that was being done was washing of clothes.",1.36,15.6,"07/02/2024 10:13",NA,NA,NA,NA,NA,153.2,8.26,"pH reading indicates the water is suitable for irrigation",17.2,-22.97111872,30.60382999,498.9439697,4.6980333,2024-07-02 10:13:00,2024-07-02,FALSE,FALSE,FALSE,FALSE,FALSE,FALSE
"Vhembe BR","Levubu River Tshakhuma2","Levubu River","Tshakhuma2","sunny","","",8.31,82.3,"07/04/2024 09:28",NA,NA,NA,NA,NA,348,7.86,"pH reading indicates the water is suitable for irrigation",20.9,-23.052945,30.296525,644.9,3.9,2024-07-04 09:28:00,2024-07-04,FALSE,FALSE,FALSE,FALSE,FALSE,FALSE
"Kruger 2 Canyons BR","Treur River Site 1","Treur River","Site 1","sunny","","",10.4,126.84,"07/04/2024 08:45",NA,NA,NA,NA,NA,53.6,7.94,"pH reading indicates the water is suitable for irrigation",13.2,-24.67523833,30.81141667,1103.2,2.5,2024-07-04 08:45:00,2024-07-04,FALSE,FALSE,FALSE,FALSE,FALSE,FALSE
"Vhembe BR","Levubu River Mulenzhe site 2","Levubu River","Mulenzhe site 2","sunny","","",1.12,12.6,"07/05/2024 09:41",NA,NA,NA,NA,NA,148.6,8.29,"pH reading indicates the water is suitable for irrigation",17.4,-22.97169511,30.60346921,477.6829791,4.9,2024-07-05 09:41:00,2024-07-05,FALSE,FALSE,FALSE,FALSE,FALSE,FALSE
"Vhembe BR","Levubu River Mulenzhe site 2","Levubu River","Mulenzhe site 2","sunny","","Washing of clothes anda cars were done at the site",1.12,12.3,"07/05/2024 09:41",NA,NA,NA,NA,NA,148.6,8.29,"pH reading indicates the water is suitable for irrigation",17.4,-22.97166323,30.60341512,492.4163208,4.816192,2024-07-05 09:41:00,2024-07-05,FALSE,FALSE,FALSE,FALSE,FALSE,FALSE
"Kruger 2 Canyons BR","Unnamed river No site name given","Unnamed river","No site name given","sunny","","Windy",9.76,118.3,"07/08/2024 09:32",NA,NA,NA,NA,NA,3.39,8.34,"pH reading indicates the water is suitable for irrigation",15.4,-24.66405667,30.79541,1165.1,2.8,2024-07-08 09:32:00,2024-07-08,FALSE,FALSE,FALSE,FALSE,FALSE,FALSE
"Kruger 2 Canyons BR","Blyde river Blyde river","Blyde river","Blyde river","sunny","","",8.23,99.61,"07/10/2024 08:51",NA,NA,NA,NA,NA,165.3,7.94,"pH reading indicates the water is suitable for irrigation",11.9,-24.68012333,30.801825,1099.9,2.5,2024-07-10 08:51:00,2024-07-10,FALSE,FALSE,FALSE,FALSE,FALSE,FALSE
"Kruger 2 Canyons BR","Blyde river Blyde river","Blyde river","Blyde river","sunny","","Site 2",11.65,141,"07/10/2024 09:53",NA,NA,NA,NA,NA,166.2,7.94,"pH reading indicates the water is suitable for irrigation",11.3,-24.67903833,30.80239667,1103,4.6,2024-07-10 09:53:00,2024-07-10,FALSE,FALSE,FALSE,FALSE,FALSE,FALSE
"Kruger 2 Canyons BR","Treur River Site 1","Treur River","Site 1","sunny","","",11.31,136.89,"07/11/2024 10:21",NA,NA,NA,NA,NA,63.7,7.6,"pH reading indicates the water is suitable for irrigation",11.1,-24.67521167,30.81137167,1035.2,3.2,2024-07-11 10:21:00,2024-07-11,FALSE,FALSE,FALSE,FALSE,FALSE,FALSE
"Vhembe BR","Levubu River Mulenzhe site 1","Levubu River","Mulenzhe site 1","cloudy","","",1.02,11.2,"07/16/2024 10:14",NA,NA,NA,NA,NA,164.5,8.12,"pH reading indicates the water is suitable for irrigation",17,-22.97115551,30.60374676,486.3719564,4.9,2024-07-16 10:14:00,2024-07-16,FALSE,FALSE,FALSE,FALSE,FALSE,FALSE
"Vhembe BR","Levubu River Mulenzhe site 1","Levubu River","Mulenzhe site 1","cloudy","","",1.02,11.2,"07/16/2024 10:14",NA,NA,NA,NA,NA,164.5,8.12,"pH reading indicates the water is suitable for irrigation",17,-22.9712333,30.6037293,507.2999878,4.858,2024-07-16 10:14:00,2024-07-16,FALSE,FALSE,FALSE,FALSE,FALSE,FALSE
"Kruger 2 Canyons BR","Blyde river Blyde river","Blyde river","Blyde river","sunny","","",9.4,113.77,"07/17/2024 08:11",NA,NA,NA,NA,NA,15.95,8.08,"pH reading indicates the water is suitable for irrigation",13.2,-24.680005,30.80180167,1088.1,3.6,2024-07-17 08:11:00,2024-07-17,FALSE,FALSE,FALSE,FALSE,FALSE,FALSE
"Kruger 2 Canyons BR","Blyde river Blyde river","Blyde river","Blyde river","sunny","","",11.2,135.55,"07/17/2024 09:02",NA,NA,NA,NA,NA,167.6,8.05,"pH reading indicates the water is suitable for irrigation",12.7,-24.67899167,30.802405,1099.3,2.2,2024-07-17 09:02:00,2024-07-17,FALSE,FALSE,FALSE,FALSE,FALSE,FALSE
"Kruger 2 Canyons BR","Motlamogatsana Site 1","Motlamogatsana","Site 1","sunny","","",10.19,14.1,"07/18/2024 09:32",NA,NA,NA,NA,NA,57.6,8.88,"pH reading indicates the water is NOT suitable for irrigation",13.8,-24.6531291,31.0398471,600.6,4.05,2024-07-18 09:32:00,2024-07-18,FALSE,FALSE,FALSE,FALSE,FALSE,FALSE
"Vhembe BR","Levubu River Tshakhuma1","Levubu River","Tshakhuma1","sunny","","",8.67,84,"07/18/2024 09:41",NA,NA,NA,NA,NA,95,7.26,"pH reading indicates the water is suitable for irrigation",20.1,-23.0529785,30.2965635,660,4.75,2024-07-18 09:41:00,2024-07-18,FALSE,FALSE,FALSE,FALSE,FALSE,FALSE
"Kruger 2 Canyons BR","Mohlatsengwana Site 3","Mohlatsengwana","Site 3","sunny","","",10.6,13.9,"07/18/2024 10:17",NA,NA,NA,NA,NA,56,8.28,"pH reading indicates the water is suitable for irrigation",13.7,-24.6540527,31.0441936,588.1,3.946,2024-07-18 10:17:00,2024-07-18,FALSE,FALSE,FALSE,FALSE,FALSE,FALSE
"Kruger 2 Canyons BR","Moremela site 2 Moremela site 2","Moremela site 2","Moremela site 2","partly_cloudy","","",8.98,108.69,"07/22/2024 11:09",NA,NA,NA,NA,NA,32.6,8.33,"pH reading indicates the water is suitable for irrigation",17.1,-24.67612333,30.80349,1122.7,2.5,2024-07-22 11:09:00,2024-07-22,FALSE,FALSE,FALSE,FALSE,FALSE,FALSE
"Kruger 2 Canyons BR","Blyde river Blyde river","Blyde river","Blyde river","sunny","","",8.72,105.54,"07/24/2024 08:30",NA,NA,NA,NA,NA,167.5,8.28,"pH reading indicates the water is suitable for irrigation",15,-24.68007833,30.80199833,1112.5,3.5,2024-07-24 08:30:00,2024-07-24,FALSE,FALSE,FALSE,FALSE,FALSE,FALSE
"Kruger 2 Canyons BR","Blyde river Blyde river","Blyde river","Blyde river","sunny","","",10.87,131.56,"07/24/2024 09:09",NA,NA,NA,NA,NA,167.8,8.08,"pH reading indicates the water is suitable for irrigation",14.68,-24.67906667,30.802435,1113,2.9,2024-07-24 09:09:00,2024-07-24,FALSE,FALSE,FALSE,FALSE,FALSE,FALSE
"Kruger 2 Canyons BR","Treur River Site 2","Treur River","Site 2","sunny","","",9.98,120.79,"07/25/2024 08:32",NA,NA,NA,NA,NA,65.7,7.81,"pH reading indicates the water is suitable for irrigation",13.9,-24.68775333,30.81287333,1148.6,4.5,2024-07-25 08:32:00,2024-07-25,FALSE,FALSE,FALSE,FALSE,FALSE,FALSE
"Kruger 2 Canyons BR","Treur River Site 1","Treur River","Site 1","sunny","","",10.19,122.33,"07/25/2024 10:19",NA,NA,NA,NA,NA,68,8.12,"pH reading indicates the water is suitable for irrigation",16.1,-24.675395,30.81169667,1108.7,2.5,2024-07-25 10:19:00,2024-07-25,FALSE,FALSE,FALSE,FALSE,FALSE,FALSE
"Kruger 2 Canyons BR","Moremela site 1 Moremela site 1","Moremela site 1","Moremela site 1","sunny","","",9.03,109.29,"07/29/2024 08:21",NA,NA,NA,NA,NA,3.48,8.22,"pH reading indicates the water is suitable for irrigation",13.5,-24.66392833,30.79549667,1116.6,3.4,2024-07-29 08:21:00,2024-07-29,FALSE,FALSE,FALSE,FALSE,FALSE,FALSE
"Kruger 2 Canyons BR","Motlamogatsana Site 1","Motlamogatsana","Site 1","sunny","","",0,0,"07/25/2024 11:11",NA,NA,NA,NA,NA,71.7,8.22,"pH reading indicates the water is suitable for irrigation",17.2,-24.6530716,31.0399707,627.4,4.55,2024-07-25 11:11:00,2024-07-25,FALSE,FALSE,FALSE,FALSE,FALSE,FALSE
"Kruger 2 Canyons BR","Moremela site 2 Moremela site 2","Moremela site 2","Moremela site 2","sunny","","",10.97,132.77,"07/29/2024 11:26",NA,NA,NA,NA,NA,32.4,8.24,"pH reading indicates the water is suitable for irrigation",15.1,-24.67620667,30.80342,1131.7,2.3,2024-07-29 11:26:00,2024-07-29,FALSE,FALSE,FALSE,FALSE,FALSE,FALSE
"Kruger 2 Canyons BR","Blyde river Blyde river","Blyde river","Blyde river","partly_cloudy","","",9.68,117.16,"07/31/2024 12:25",NA,NA,NA,NA,NA,168.5,8.57,"pH reading indicates the water is NOT suitable for irrigation",15.2,-24.67998833,30.80190667,1111.8,1.9,2024-07-31 12:25:00,2024-07-31,FALSE,FALSE,FALSE,FALSE,FALSE,FALSE
"Kruger 2 Canyons BR","Blyde river Blyde river","Blyde river","Blyde river","partly_cloudy","","",11.16,135.07,"07/31/2024 12:56",NA,NA,NA,NA,NA,170.6,7.98,"pH reading indicates the water is suitable for irrigation",16.2,-24.67903167,30.802455,1099.5,2.7,2024-07-31 12:56:00,2024-07-31,FALSE,FALSE,FALSE,FALSE,FALSE,FALSE
"Kruger 2 Canyons BR","Treur River Site 2","Treur River","Site 2","sunny","","",9.06,109.65,"08/01/2024 08:29",NA,NA,NA,NA,NA,62.3,7.87,"pH reading indicates the water is suitable for irrigation",14.1,-24.68770333,30.81287667,1138.8,2,2024-08-01 08:29:00,2024-08-01,FALSE,FALSE,FALSE,FALSE,FALSE,FALSE
"Kruger 2 Canyons BR","Treur River Site 1","Treur River","Site 1","sunny","","",9.97,120.67,"08/01/2024 10:05",NA,NA,NA,NA,NA,64.1,7.84,"pH reading indicates the water is suitable for irrigation",15.6,-24.67532,30.81158333,1118.3,2,2024-08-01 10:05:00,2024-08-01,FALSE,FALSE,FALSE,FALSE,FALSE,FALSE
"Kruger 2 Canyons BR","Moremela site 1 Moremela site 1","Moremela site 1","Moremela site 1","sunny","","",9.46,114.5,"08/05/2024 08:32",NA,NA,NA,NA,NA,339,8.46,"pH reading indicates the water is suitable for irrigation",16.2,-24.66407667,30.79548667,1164.2,2.3,2024-08-05 08:32:00,2024-08-05,FALSE,FALSE,FALSE,FALSE,FALSE,FALSE
"Kruger 2 Canyons BR","Motlamogatsana Site 3","Motlamogatsana","Site 3","cloudy","","",1.78,15.8,"08/01/2024 11:29",NA,NA,NA,NA,NA,91.4,5.43,"pH reading indicates the water is NOT suitable for irrigation",15.6,-24.6541543,31.044178,622.4,4.025,2024-08-01 11:29:00,2024-08-01,FALSE,FALSE,FALSE,FALSE,FALSE,FALSE
"Kruger 2 Canyons BR","Moremela site 2 Moremela site 2","Moremela site 2","Moremela site 2","sunny","","",10.39,125.75,"08/05/2024 10:41",NA,NA,NA,NA,NA,316,8.22,"pH reading indicates the water is suitable for irrigation",16.7,-24.67611833,30.80344333,1137.7,2.6,2024-08-05 10:41:00,2024-08-05,FALSE,FALSE,FALSE,FALSE,FALSE,FALSE
"Kruger 2 Canyons BR","Moremela site 1 Moremela site 1","Moremela site 1","Moremela site 1","sunny","","",8.42,95.01,"08/12/2024 09:00",NA,NA,NA,NA,NA,332,8.42,"pH reading indicates the water is suitable for irrigation",16.2,-24.66409167,30.79549,1166.5,4.4,2024-08-12 09:00:00,2024-08-12,FALSE,FALSE,FALSE,FALSE,FALSE,FALSE
"Kruger 2 Canyons BR","Moremela site 2 Moremela site 2","Moremela site 2","Moremela site 2","sunny","","",8.24,99.73,"08/12/2024 10:24",NA,NA,NA,NA,NA,315,8.32,"pH reading indicates the water is suitable for irrigation",16.6,-24.676185,30.803465,1111.4,4.2,2024-08-12 10:24:00,2024-08-12,FALSE,FALSE,FALSE,FALSE,FALSE,FALSE
"Kruger 2 Canyons BR","Blyde river Blyde river","Blyde river","Blyde river","sunny","","",8.14,16.1,"08/14/2024 07:53",NA,NA,NA,NA,NA,177.5,8.14,"pH reading indicates the water is suitable for irrigation",16.5,-24.68009167,30.80184667,1095,2.4,2024-08-14 07:53:00,2024-08-14,FALSE,FALSE,FALSE,FALSE,FALSE,FALSE
"Kruger 2 Canyons BR","Blyde river Blyde river","Blyde river","Blyde river","sunny","","",10.22,123.69,"08/14/2024 08:33",NA,NA,NA,NA,NA,175,8,"pH reading indicates the water is suitable for irrigation",16.3,-24.67898667,30.80246833,1107.4,4.1,2024-08-14 08:33:00,2024-08-14,FALSE,FALSE,FALSE,FALSE,FALSE,FALSE
"Kruger 2 Canyons BR","Treur River Site 2","Treur River","Site 2","sunny","","",9.94,120.31,"08/15/2024 07:54",NA,NA,NA,NA,NA,61.2,8.03,"pH reading indicates the water is suitable for irrigation",13.5,-24.68763333,30.81268833,1290.7,3.6,2024-08-15 07:54:00,2024-08-15,FALSE,FALSE,FALSE,FALSE,FALSE,FALSE
"Kruger 2 Canyons BR","Treur River Site 1","Treur River","Site 1","sunny","","",10.14,122.73,"08/15/2024 09:22",NA,NA,NA,NA,NA,67.2,7.8,"pH reading indicates the water is suitable for irrigation",15.8,-24.67532333,30.81157167,1110.2,2.2,2024-08-15 09:22:00,2024-08-15,FALSE,FALSE,FALSE,FALSE,FALSE,FALSE
"Kruger 2 Canyons BR","Moremela site 1 Moremela site 1","Moremela site 1","Moremela site 1","sunny","","",8.63,104.45,"08/19/2024 08:04",NA,NA,NA,NA,NA,341,8.25,"pH reading indicates the water is suitable for irrigation",15.2,-24.664065,30.79566,1134.3,4.5,2024-08-19 08:04:00,2024-08-19,FALSE,FALSE,FALSE,FALSE,FALSE,FALSE
"Kruger 2 Canyons BR","Moremela site 2 Moremela site 2","Moremela site 2","Moremela site 2","sunny","","",9.3,112.56,"08/19/2024 10:29",NA,NA,NA,NA,NA,306,8.14,"pH reading indicates the water is suitable for irrigation",16.8,-24.67589167,30.80333333,1146.7,2.6,2024-08-19 10:29:00,2024-08-19,FALSE,FALSE,FALSE,FALSE,FALSE,FALSE
"Kruger 2 Canyons BR","Blyde river Blyde river","Blyde river","Blyde river","sunny","","",8.79,106.39,"08/21/2024 08:07",NA,NA,NA,NA,NA,179.9,8.1,"pH reading indicates the water is suitable for irrigation",15.1,-24.680035,30.80186667,1113.3,3.1,2024-08-21 08:07:00,2024-08-21,FALSE,FALSE,FALSE,FALSE,FALSE,FALSE
"Kruger 2 Canyons BR","Blyde river Blyde river","Blyde river","Blyde river","sunny","","",10.2,109,"08/21/2024 08:33",NA,NA,NA,NA,NA,176.5,7.98,"pH reading indicates the water is suitable for irrigation",16.3,-24.67906,30.80249167,1102.3,2.5,2024-08-21 08:33:00,2024-08-21,FALSE,FALSE,FALSE,FALSE,FALSE,FALSE
"Kruger 2 Canyons BR","Treur River Site 2","Treur River","Site 2","sunny","","",9.71,117.52,"08/22/2024 07:32",NA,NA,NA,NA,NA,67.4,8.39,"pH reading indicates the water is suitable for irrigation",14.6,-24.68771667,30.81289833,1151.2,4.9,2024-08-22 07:32:00,2024-08-22,FALSE,FALSE,FALSE,FALSE,FALSE,FALSE
"Kruger 2 Canyons BR","Treur River Site 1","Treur River","Site 1","sunny","","",9.01,109.05,"08/22/2024 08:51",NA,NA,NA,NA,NA,67.3,8.72,"pH reading indicates the water is NOT suitable for irrigation",16.3,-24.67527833,30.811515,1109.6,2.4,2024-08-22 08:51:00,2024-08-22,FALSE,FALSE,FALSE,FALSE,FALSE,FALSE
"Kruger 2 Canyons BR","Blyde river Blyde river","Blyde river","Blyde river","sunny","","",6.5,78.67,"08/28/2024 08:19",NA,NA,NA,NA,NA,179.3,8.25,"pH reading indicates the water is suitable for irrigation",16.2,-24.68007,30.80189667,1115.4,3.6,2024-08-28 08:19:00,2024-08-28,FALSE,FALSE,FALSE,FALSE,FALSE,FALSE
"Kruger 2 Canyons BR","Blyde river Blyde river","Blyde river","Blyde river","sunny","","",8.32,100.7,"08/28/2024 08:53",NA,NA,NA,NA,NA,175.6,8.06,"pH reading indicates the water is suitable for irrigation",16.4,-24.67909667,30.80247833,1057.8,3.9,2024-08-28 08:53:00,2024-08-28,FALSE,FALSE,FALSE,FALSE,FALSE,FALSE
"Kruger 2 Canyons BR","Treur River Site 1","Treur River","Site 1","cloudy","","",7.22,87.38,"08/29/2024 09:45",NA,NA,NA,NA,NA,7.98,7.98,"pH reading indicates the water is suitable for irrigation",17.87,-24.67528333,30.81164167,1105.7,3.9,2024-08-29 09:45:00,2024-08-29,FALSE,FALSE,FALSE,FALSE,FALSE,FALSE
"Kruger 2 Canyons BR","Treur River Site 2","Treur River","Site 2","light_rain","","",7.52,91.02,"08/29/2024 08:19",NA,NA,NA,NA,NA,67.4,7.77,"pH reading indicates the water is suitable for irrigation",18.4,-24.68768167,30.81296333,1129.5,4.6,2024-08-29 08:19:00,2024-08-29,FALSE,FALSE,FALSE,FALSE,FALSE,FALSE
"Marico BR","Riverstill Farm Riverstill Farm","Riverstill Farm","Riverstill Farm","sunny","","The river is categorized as Rocky",7.08,66.2,"08/30/2024 15:40",NA,NA,NA,NA,NA,259,8.62,"pH reading indicates the water is NOT suitable for irrigation",17.7,-25.6415491,26.4318377,1159.4,4.06,2024-08-30 15:40:00,2024-08-30,FALSE,FALSE,FALSE,FALSE,FALSE,FALSE
"Kruger 2 Canyons BR","Moremela site 1 Moremela site 1","Moremela site 1","Moremela site 1","sunny","","",7.13,86.3,"09/02/2024 08:12",NA,NA,NA,NA,NA,344,8.29,"pH reading indicates the water is suitable for irrigation",14.7,-24.6641,30.79556167,1167.5,1.9,2024-09-02 08:12:00,2024-09-02,FALSE,FALSE,FALSE,FALSE,FALSE,FALSE
"Kruger 2 Canyons BR","Moremela site 2 Moremela site 2","Moremela site 2","Moremela site 2","sunny","","",8.45,102.27,"09/02/2024 09:35",NA,NA,NA,NA,NA,313,8.26,"pH reading indicates the water is suitable for irrigation",16.2,-24.676135,30.80344333,1124.4,3.4,2024-09-02 09:35:00,2024-09-02,FALSE,FALSE,FALSE,FALSE,FALSE,FALSE
"Kruger 2 Canyons BR","Blyde river Blyde river","Blyde river","Blyde river","sunny","","",8.28,100.21,"09/04/2024 08:27",NA,NA,NA,NA,NA,155.7,8.3,"pH reading indicates the water is suitable for irrigation",16.1,-24.679825,30.80185833,1087.3,4.1,2024-09-04 08:27:00,2024-09-04,FALSE,FALSE,FALSE,FALSE,FALSE,FALSE
"Kruger 2 Canyons BR","Blyde river Blyde river","Blyde river","Blyde river","sunny","","",9.97,120.67,"09/04/2024 09:09",NA,NA,NA,NA,NA,154.8,7.94,"pH reading indicates the water is suitable for irrigation",15.2,-24.679015,30.802445,1099.5,2.7,2024-09-04 09:09:00,2024-09-04,FALSE,FALSE,FALSE,FALSE,FALSE,FALSE
"Kruger 2 Canyons BR","Treur River Site 1","Treur River","Site 1","sunny","","",10.33,125.03,"09/05/2024 09:56",NA,NA,NA,NA,NA,59.1,7.81,"pH reading indicates the water is suitable for irrigation",18.8,-24.675195,30.81170833,1120.6,4.8,2024-09-05 09:56:00,2024-09-05,FALSE,FALSE,FALSE,FALSE,FALSE,FALSE
"Kruger 2 Canyons BR","Treur River Site 2","Treur River","Site 2","sunny","","",9.87,119.46,"09/05/2024 08:41",NA,NA,NA,NA,NA,57.8,7.91,"pH reading indicates the water is suitable for irrigation",15.4,-24.68765167,30.81296333,1160.8,4.1,2024-09-05 08:41:00,2024-09-05,FALSE,FALSE,FALSE,FALSE,FALSE,FALSE
"Kruger 2 Canyons BR","Moremela site 1 Moremela site 1","Moremela site 1","Moremela site 1","cloudy","","",9.44,114.25,"09/09/2024 08:26",NA,NA,NA,NA,NA,341,8.06,"pH reading indicates the water is suitable for irrigation",17.3,-24.66410333,30.79555,1135.2,3.9,2024-09-09 08:26:00,2024-09-09,FALSE,FALSE,FALSE,FALSE,FALSE,FALSE
"Kruger 2 Canyons BR","Moremela site 2 Moremela site 2","Moremela site 2","Moremela site 2","cloudy","","",10.15,122.85,"09/09/2024 09:48",NA,NA,NA,NA,NA,325,8.02,"pH reading indicates the water is suitable for irrigation",16.7,-24.67615167,30.80336,1110.9,3.4,2024-09-09 09:48:00,2024-09-09,FALSE,FALSE,FALSE,FALSE,FALSE,FALSE
"Kruger 2 Canyons BR","Blyde river Blyde river","Blyde river","Blyde river","foggy","","",7.85,95.01,"09/11/2024 08:35",NA,NA,NA,NA,NA,177.8,8.25,"pH reading indicates the water is suitable for irrigation",16.6,-24.68002833,30.80179333,1109.3,2.8,2024-09-11 08:35:00,2024-09-11,FALSE,FALSE,FALSE,FALSE,FALSE,FALSE
"Kruger 2 Canyons BR","Blyde river Blyde river","Blyde river","Blyde river","foggy","","",9.45,114.37,"09/11/2024 08:51",NA,NA,NA,NA,NA,177.8,7.97,"pH reading indicates the water is suitable for irrigation",16.3,-24.67898167,30.80239,1110.2,3.4,2024-09-11 08:51:00,2024-09-11,FALSE,FALSE,FALSE,FALSE,FALSE,FALSE
"Kruger 2 Canyons BR","Treur River Site 2","Treur River","Site 2","sunny","","",8.62,104.33,"09/12/2024 08:33",NA,NA,NA,NA,NA,66.8,8.34,"pH reading indicates the water is suitable for irrigation",16.9,-24.68771,30.81283167,1168.4,2.6,2024-09-12 08:33:00,2024-09-12,FALSE,FALSE,FALSE,FALSE,FALSE,FALSE
"Kruger 2 Canyons BR","Treur River Site 1","Treur River","Site 1","sunny","","",9.84,119.09,"09/12/2024 09:45",NA,NA,NA,NA,NA,67.9,7.13,"pH reading indicates the water is suitable for irrigation",16.1,-24.675425,30.81148,1116,4.6,2024-09-12 09:45:00,2024-09-12,FALSE,FALSE,FALSE,FALSE,FALSE,FALSE
"Kruger 2 Canyons BR","Motlamogatsana Site 3","Motlamogatsana","Site 3","sunny","","",13.19,19,"09/12/2024 11:15",NA,NA,NA,NA,NA,143.4,8.29,"pH reading indicates the water is suitable for irrigation",19,-24.6540267,31.0440633,605.8,3.1,2024-09-12 11:15:00,2024-09-12,FALSE,FALSE,FALSE,FALSE,FALSE,FALSE
"Kruger 2 Canyons BR","Motlamogatsana Site 1","Motlamogatsana","Site 1","sunny","","",12.71,20.3,"09/12/2024 10:35",NA,NA,NA,NA,NA,146.5,7.67,"pH reading indicates the water is suitable for irrigation",20.1,-24.6530996,31.0398274,598.8,4.533,2024-09-12 10:35:00,2024-09-12,FALSE,FALSE,FALSE,FALSE,FALSE,FALSE
"Kruger 2 Canyons BR","Moremela site 1 Moremela site 1","Moremela site 1","Moremela site 1","partly_cloudy","","",10.87,131.56,"09/16/2024 08:29",NA,NA,NA,NA,NA,332,8.19,"pH reading indicates the water is suitable for irrigation",19.6,-24.664055,30.79537,1162.1,2.7,2024-09-16 08:29:00,2024-09-16,FALSE,FALSE,FALSE,FALSE,FALSE,FALSE
"Kruger 2 Canyons BR","Moremela site 2 Moremela site 2","Moremela site 2","Moremela site 2","partly_cloudy","","",11.33,137.13,"09/16/2024 09:51",NA,NA,NA,NA,NA,313,8.05,"pH reading indicates the water is suitable for irrigation",18.7,-24.67616667,30.80343333,1110.1,3,2024-09-16 09:51:00,2024-09-16,FALSE,FALSE,FALSE,FALSE,FALSE,FALSE
"Kruger 2 Canyons BR","Unnamed river Site 2","Unnamed river","Site 2","sunny","","",9.79,118.49,"09/18/2024 14:19",NA,NA,NA,NA,NA,175.1,8.12,"pH reading indicates the water is suitable for irrigation",21.8,-24.67909667,30.80242,1104.8,2.5,2024-09-18 14:19:00,2024-09-18,FALSE,FALSE,FALSE,FALSE,FALSE,FALSE
"Kruger 2 Canyons BR","Blyde river Blyde river","Blyde river","Blyde river","sunny","","",10.58,128.05,"09/18/2024 13:49",NA,NA,NA,NA,NA,179.8,8.39,"pH reading indicates the water is suitable for irrigation",22.4,-24.67964,30.80260167,1101.5,4.9,2024-09-18 13:49:00,2024-09-18,FALSE,FALSE,FALSE,FALSE,FALSE,FALSE
"Kruger 2 Canyons BR","Treur River Site 2","Treur River","Site 2","sunny","","",9.83,118.97,"09/19/2024 08:39",NA,NA,NA,NA,NA,66.7,7.61,"pH reading indicates the water is suitable for irrigation",20.8,-24.68771833,30.81286167,1171.8,2.6,2024-09-19 08:39:00,2024-09-19,FALSE,FALSE,FALSE,FALSE,FALSE,FALSE
"Kruger 2 Canyons BR","Treur River Site 1","Treur River","Site 1","sunny","","",9.93,120.18,"09/19/2024 10:32",NA,NA,NA,NA,NA,67.4,7.19,"pH reading indicates the water is suitable for irrigation",24.2,-24.67532,30.81162667,1107.7,3.2,2024-09-19 10:32:00,2024-09-19,FALSE,FALSE,FALSE,FALSE,FALSE,FALSE
"Kruger 2 Canyons BR","Moremela site 2 Moremela site 2","Moremela site 2","Moremela site 2","sunny","","",7.92,95.86,"09/23/2024 09:41",NA,NA,NA,NA,NA,320,8.05,"pH reading indicates the water is suitable for irrigation",16.3,-24.67609833,30.803415,1111.6,3.4,2024-09-23 09:41:00,2024-09-23,FALSE,FALSE,FALSE,FALSE,FALSE,FALSE
"Kruger 2 Canyons BR","Moremela site 1 Moremela site 1","Moremela site 1","Moremela site 1","sunny","","",9.57,115.83,"09/23/2024 10:00",NA,NA,NA,NA,NA,318,8.29,"pH reading indicates the water is suitable for irrigation",13.7,-24.66412667,30.795635,1154,3.5,2024-09-23 10:00:00,2024-09-23,FALSE,FALSE,FALSE,FALSE,FALSE,FALSE
"Kruger 2 Canyons BR","Blyde river Blyde river","Blyde river","Blyde river","sunny","","",5.87,71.05,"09/25/2024 07:39",NA,NA,NA,NA,NA,173.5,8.01,"pH reading indicates the water is suitable for irrigation",16.7,-24.68005167,30.801865,1114.9,4,2024-09-25 07:39:00,2024-09-25,FALSE,FALSE,FALSE,FALSE,FALSE,FALSE
"Kruger 2 Canyons BR","Blyde river Blyde River site 2","Blyde river","Blyde River site 2","sunny","","",8.86,107.23,"09/25/2024 08:03",NA,NA,NA,NA,NA,166.7,8.03,"pH reading indicates the water is suitable for irrigation",16.6,-24.67902,30.80245833,1146.1,4.7,2024-09-25 08:03:00,2024-09-25,FALSE,FALSE,FALSE,FALSE,FALSE,FALSE
"Kruger 2 Canyons BR","Treur River Site 1","Treur River","Site 1","sunny","","",10.34,125.15,"09/26/2024 10:31",NA,NA,NA,NA,NA,60.8,8.23,"pH reading indicates the water is suitable for irrigation",24.8,-24.67526667,30.811645,1108.7,2.5,2024-09-26 10:31:00,2024-09-26,FALSE,FALSE,FALSE,FALSE,FALSE,FALSE
"Kruger 2 Canyons BR","Treur River Site 2","Treur River","Site 2","sunny","","",8.17,98.88,"09/26/2024 09:37",NA,NA,NA,NA,NA,58.5,8.22,"pH reading indicates the water is suitable for irrigation",22.3,-24.68769667,30.81287667,1154.8,3.5,2024-09-26 09:37:00,2024-09-26,FALSE,FALSE,FALSE,FALSE,FALSE,FALSE
"Kruger 2 Canyons BR","Moremela site 2 Moremela site 2","Moremela site 2","Moremela site 2","light_rain","","",7.92,95.86,"09/30/2024 09:12",NA,NA,NA,NA,NA,324,8.06,"pH reading indicates the water is suitable for irrigation",19.6,-24.67604,30.80334833,1112.1,3.4,2024-09-30 09:12:00,2024-09-30,FALSE,FALSE,FALSE,FALSE,FALSE,FALSE
"Kruger 2 Canyons BR","Moremela site 1 Moremela site 1","Moremela site 1","Moremela site 1","light_rain","","",9.57,115.22,"09/30/2024 09:34",NA,NA,NA,NA,NA,318,8.26,"pH reading indicates the water is suitable for irrigation",13.7,-24.66401333,30.795545,1161.6,2.6,2024-09-30 09:34:00,2024-09-30,FALSE,FALSE,FALSE,FALSE,FALSE,FALSE
"Marico BR","Groot Marico River Up The Greeg","Groot Marico River","Up The Greeg","partly_cloudy","","",6.68,72,"10/15/2024 13:53",NA,NA,NA,NA,NA,254,7.98,"pH reading indicates the water is suitable for irrigation",23,-25.6382254,26.4089703,1149.9,4.94,2024-10-15 13:53:00,2024-10-15,FALSE,FALSE,FALSE,FALSE,FALSE,FALSE
"Marico BR","Groot Marico River Up The Creek","Groot Marico River","Up The Creek","sunny","","",0.99,13.7,"10/19/2024 09:45",NA,NA,NA,NA,NA,277,8.55,"pH reading indicates the water is NOT suitable for irrigation",22,-25.638216,26.408874,1119.8,4.6,2024-10-19 09:45:00,2024-10-19,FALSE,FALSE,FALSE,FALSE,FALSE,FALSE
